"DATE","S/N","TWEET","annotation_id","annotator","created_at","id","lead_time","sentiment","updated_at"
"7-9-2024",1,"Na to begin famz NINiola because of rice üòä‚Ä¶ na NINtendo wey dey no worry ü´∂üèæ",663,"1","2024-10-01T16:26:13.816444Z",662,223.893,"Normal","2024-10-01T16:26:13.816702Z"
"7-9-2024",2,"NIN=cheaper food‚Ä¶

Welcome to NINGERIA.

The land of milk and hoNIN‚Ä¶ü´°",662,"1","2024-10-01T16:26:07.915458Z",663,2.489,"Normal","2024-10-01T16:26:07.915571Z"
"7-9-2024",3,"You can‚Äôt run away from the cleansing work needed to be done to help every African to see their inner light.

There is more work to do than interviews if the original idea is about EQUALITY AND SOCIAL JUSTICE FOR ALL.",664,"1","2024-10-01T16:28:57.054055Z",664,117.126,"Normal","2024-10-01T16:28:57.054197Z"
"6-9-2024",4,"Again, if you are a fan / follower and you have kids, introduce your children ( especially daughters ) to calculated fighting in Self defense‚Ä¶

Told a mother one time but she said the daughter will be raised ‚Äú soft ‚Äú as a flower.

I left it only for her to think about it later and try but by then the child was already interest in other things.

Men, once again, save your bloodline for the bad ways of men.",665,"1","2024-10-01T16:29:25.355663Z",665,2.568,"Normal","2024-10-01T16:29:25.355984Z"
"5-9-2024",5,"After admitting this flaw, what next? Stay in your light‚Ä¶ e get why.",666,"1","2024-10-01T16:29:40.895747Z",666,11.104,"Normal","2024-10-01T16:29:40.895894Z"
"5-9-2024",6,"Establishment wey dey crase‚Ä¶",667,"1","2024-10-01T16:29:48.783977Z",667,2.27,"Offensive","2024-10-01T16:29:48.784158Z"
"5-9-2024",7,"
Omo, a lot should have tried to pay attention to comprehension in school‚Ä¶ 

it‚Äôs disgustingly embarrassing.
Going by how many are, they should shutdown all schools in Nigeria. It‚Äôs of no use at this point . Lol",668,"1","2024-10-01T16:30:11.717422Z",668,17.48,"Offensive","2024-10-01T16:30:11.717571Z"
"5-9-2024",8,"Tribalism won‚Äôt save you. 

you have tribal rulers in kings and chiefs selling you to any money man. 

Your fellow tribes men and women do everyday business that destroys your health everyday.

You have men in ‚Äú power ‚Äú from your home town who wouldn‚Äôt build infrastructure in their ( and your ) home town.

You are wasting all our time but who is anyone to tell anyone how to be?
Last edited

",669,"1","2024-10-01T16:36:32.785846Z",669,203.272,"Normal","2024-10-01T16:36:32.786390Z"
"5-9-2024",9,"
how are those using the Bible as a life guide missing the point where God frowns at those who steal from his people saying they will  face disaster which you already see with some popular ‚Äú endorsers‚Äù. ; dem dey face better disaster because of their political alliance.

Bible dey",670,"1","2024-10-01T16:37:11.226435Z",670,4.736,"Normal","2024-10-01T16:37:11.226638Z"
"4-9-2024",10,"
Victor osimhen #45 as in 4 + 5‚Ä¶ 

May he have a great time in Galatasary.

‚öΩÔ∏èüèüÔ∏è‚öΩÔ∏è",671,"1","2024-10-01T16:37:21.560084Z",671,6.058,"Normal","2024-10-01T16:37:21.560238Z"
"4-9-2024",11,"
Nobody is perfect but e get why dem dey say ‚Äú don‚Äôt be stupid ‚Äú.

‚ù§Ô∏èüòä‚ù§Ô∏è",672,"1","2024-10-01T16:37:36.387596Z",672,1.836,"Offensive","2024-10-01T16:37:36.387738Z"
"3-9-2024",12,"
The masquerades are out to show out today in Lafiaji‚Ä¶

üòä",673,"1","2024-10-01T16:37:50.092082Z",673,9.332,"Normal","2024-10-01T16:37:50.092286Z"
"31-8-2024",13,"Any decision any Nigerian player makes, as long as it‚Äôs not harming anybody ( minus Una wey betting wan finish una life üòÇ), is fine.

I am not living your life for you so why should i have any opinion about your decisions as a player in a field i dont play in?

Good luck to victor through this time.",674,"1","2024-10-01T16:38:28.111618Z",674,32.974,"Indeterminate","2024-10-01T16:38:28.111793Z"
"31-8-2024",14,"
Would be interesting to see the striker that will deliver on victor‚Äôs level of intensity and hunger as the season begins‚Ä¶",675,"1","2024-10-01T16:38:48.254565Z",675,2.602,"Normal","2024-10-01T16:38:48.254724Z"
"30-8-2024",15,"
People are easily tiring these days truly. Look around‚Ä¶ even though any Nigerian is probably ‚Äú damaged ‚Äú based on reality.",676,"1","2024-10-01T16:39:06.707565Z",676,12.78,"Normal","2024-10-01T16:39:06.707739Z"
"28-8-2024",16,"Love is enough actually because, 

na love dey make everybody kaju based on human fallibility.

If God is love, does that mean God is not enough?",677,"1","2024-10-01T16:39:32.218048Z",677,4.427,"Normal","2024-10-01T16:39:32.218223Z"
"28-8-2024",17,"
You no like Charles Darwin?",678,"1","2024-10-01T16:39:40.392048Z",678,3.267,"Indeterminate","2024-10-01T16:39:40.392219Z"
"28-8-2024",18,"
as much as you can, Replace the artificial sweeteners in your life with natural sweeteners.

Replace your spices with as much natural options as possible and live your vices as you accept death is a must for all and you may find strength to deal with the other important things.",679,"1","2024-10-01T16:40:17.235219Z",679,32.54,"Normal","2024-10-01T16:40:17.235358Z"
"28-8-2024",19,"If you want theif, thief‚Ä¶ which wan be explanation before you run am?",680,"1","2024-10-01T16:40:39.036381Z",680,13.714,"Offensive","2024-10-01T16:40:39.036557Z"
"28-8-2024",20,"
As fake leaders dey church and mosque, na so fake herbalists dey. 

The only way out of all of these is within ( where the spirit is ). 

You have to decide every day what your stance is to everything happening‚Ä¶ even if in your own flaws; 
",681,"1","2024-10-01T16:41:01.655253Z",681,18.661,"Normal","2024-10-01T16:41:01.655433Z"
"28-8-2024",21,"
You wan carry people wey dey poison you go fight people wey dey poison you? 

Don‚Äôt you see they are the same?

Lol.",682,"1","2024-10-01T16:41:27.678334Z",682,4.464,"Indeterminate","2024-10-01T16:41:27.678496Z"
"28-8-2024",22,"
Dem go Dey send sermon wey dem suppose hear alone take change their greedy ways wey dey help destroy majority of their people peace‚Ä¶ their extended families self dey game oh but na lie‚Ä¶ 

imo ti ara eni nikan ti ü§Ø ori gbogbo wan.

Well, set awan Olori l‚Äôawa‚Ä¶",683,"1","2024-10-01T16:41:55.353074Z",683,2.72,"Offensive","2024-10-01T16:41:55.353238Z"
"28-8-2024",23,"
i also notice the more you are pro-African ways like as in if√°, the more the religious ones judge you exactly how‚Äú their Holy Book ‚Äú has told them is sinful.

Many of them don‚Äôt want to be accountable for the type of work it takes to be an honest believer in God‚Äôs ways.",684,"1","2024-10-01T16:42:27.788402Z",684,2.396,"Normal","2024-10-01T16:42:27.788602Z"
"28-8-2024",24,"
If many of una pastors dey tell una simple truth, many of una no go dey comfortable going to ‚Äú church ‚Äú‚Ä¶ by the way, going to church is going to the self if ‚Äú HE THAT IS IN YOU IS GREATER THAN‚Ä¶ ‚Äú",685,"1","2024-10-01T16:43:00.178323Z",685,7.633,"Normal","2024-10-01T16:43:00.178512Z"
"28-8-2024",25,"
Note that he is just a ordinary citizen like you tooüòä",686,"1","2024-10-01T16:43:11.639284Z",686,2.282,"Normal","2024-10-01T16:43:11.639438Z"
"28-8-2024",26,"
People who believe God‚Äôs excellence has proof in something that‚Äôs man made? 

Clowns",687,"1","2024-10-01T16:43:27.594721Z",687,11.248,"Offensive","2024-10-01T16:43:27.594897Z"
"28-8-2024",27,"
People selling fake drinks and drugs that harm and ‚Äúoff ‚Äú their fellow countrymen and women ( youth and older ) are the same as the ‚Äú evil ‚Äú politicians.

I gradually realize the fight is more around regular folks than the ‚Äú elite ‚Äú who usually just seize opportunity",688,"1","2024-10-01T16:43:59.525759Z",688,1.786,"Offensive","2024-10-01T16:43:59.525940Z"
"27-8-2024",28,"
people have the human right of association or dissociation and by this universal truth, should be allowed to separate themselves from any thing that honestly doesn‚Äôt work for them.

Unity is about individuals coming together‚Ä¶",689,"1","2024-10-01T16:44:28.710787Z",689,2.263,"Normal","2024-10-01T16:44:28.710951Z"
"27-8-2024",29,"
Politicians dey destroy the lives of parents wey go give birth who their children go fall in love with.

üòä",690,"1","2024-10-01T16:47:13.655058Z",690,21.114,"Offensive","2024-10-01T16:47:13.655201Z"
"26-8-2024",30,"
Put face make you sureüòä",691,"1","2024-10-01T16:47:28.309583Z",691,1.884,"Indeterminate","2024-10-01T16:47:28.309767Z"
"26-8-2024",31,"
‚Äú Oya oh oh oh ju‚Äôpa ‚Äú

‚ö°Ô∏èüêç‚ö°Ô∏è",692,"1","2024-10-01T16:47:40.572764Z",692,7.02,"Indeterminate","2024-10-01T16:47:40.573089Z"
"24-8-2024",32,"

May we worship God and love all men

‚ù§Ô∏èüêç‚ù§Ô∏è",693,"1","2024-10-01T16:47:59.452470Z",693,13.359,"Normal","2024-10-01T16:47:59.452881Z"
"23-8-2024",33,"
Dr ifatunde umar on a podcast about hiphop is hilarious and shows how shallow many ‚Äú hiphop Heads ‚Äú have always been.",694,"1","2024-10-01T16:48:17.120031Z",694,11.78,"Normal","2024-10-01T16:48:17.120848Z"
"22-8-2024",34,"
Be rest assured that, by the way things are going, the powerful will continue to face the result of their actions since generations ago. 

Their children live and interact with other children from the society they are destroying‚Ä¶ 

Peace to everybody who deserves peace.",695,"1","2024-10-01T16:48:45.843179Z",695,23.015,"Offensive","2024-10-01T16:48:45.843373Z"
"22-8-2024",35,"
giving Odegaard \ Havertz combo with it‚Äôs own calm style of finesse but also defensively aware. 

Looks like Arteta is adding more option for attack play and retract for more defensive support‚Ä¶ he‚Äôs a mad man üòÇ.

Interesting choice of player to this current squad ü§î",696,"1","2024-10-01T16:49:38.917315Z",696,1.844,"Normal","2024-10-01T16:49:38.917471Z"
"22-8-2024",36,"
Made my own green by myself that‚Äôs algae",697,"1","2024-10-01T16:49:51.356785Z",697,2.762,"Normal","2024-10-01T16:49:51.357059Z"
"22-8-2024",37,"
Nigeria is not the giant of Africa‚Ä¶ 

ü´°NIGERIANS ARE.",698,"1","2024-10-01T16:50:06.539509Z",698,2.135,"Normal","2024-10-01T16:50:06.539751Z"
"22-8-2024",38,"
Nigerians wey I dey reason say colonial master go dey regret right now say dem interfere with these kind minds.

Na Yoruba culture thinking Dey help me check because if not, me self na the average NIGERIAN normally based on many many.",699,"1","2024-10-01T16:50:27.868937Z",699,1.98,"Normal","2024-10-01T16:50:27.869102Z"
"21-8-2024",39,"
I know what it means for a KC boy to ‚ÄúGba‚Äù for a Gregs boy‚Ä¶ Gazamba and 
@escobar470
 beat many to it tho",700,"1","2024-10-01T16:51:51.264763Z",700,77.567,"Indeterminate","2024-10-01T16:51:51.264942Z"
"21-8-2024",40,"
Let‚Äôs get this person some Larry Spice  
@ThaBoyYom
",701,"1","2024-10-01T16:52:12.625614Z",701,15.107,"Normal","2024-10-01T16:52:12.625789Z"
"21-8-2024",41,"i am willing to do God‚Äôs will if God wills‚Ä¶ it‚Äôs out of my hands honestly. 

üòä",702,"1","2024-10-01T16:52:26.319763Z",702,1.839,"Normal","2024-10-01T16:52:26.319958Z"
"21-8-2024",42,"
You don‚Äôt fear God, it‚Äôs cool‚Ä¶ i‚Äôll let God deal with you then; even if it means using me to teach the lesson‚Ä¶ USE ME LORD!",703,"1","2024-10-01T16:53:20.480404Z",703,48.339,"Offensive","2024-10-01T16:53:20.480541Z"
"19-8-2024",43,"
‚Äú‚Ä¶.Why wound a start trek‚Ä¶ ‚Äú no be fire London. You must waka shaa ni",704,"1","2024-10-01T16:53:38.199267Z",704,11.91,"Normal","2024-10-01T16:53:38.199417Z"
"18-8-2024",44,"
Ladies and gentlemen‚Ä¶ Your Sunday sermon‚Ä¶ Lmao",705,"1","2024-10-01T16:57:16.477655Z",705,8.732,"Indeterminate","2024-10-01T16:57:16.477835Z"
"18-8-2024",45,"
Then cultural way don set proper way for man to be ( Omo olu iwa bi in the Yoruba context ) before ‚Äú swearing ‚Äú‚Ä¶ ogun and co, in view, are only sought in situations where there is a derail from the proper set way.",706,"1","2024-10-01T16:58:14.502966Z",706,32.569,"Normal","2024-10-01T16:58:14.503109Z"
"18-8-2024",46,"
No be everything be action. Many times na reason first so the action go make honest intended impact",707,"1","2024-10-01T17:08:55.661657Z",707,2.595,"Normal","2024-10-01T17:08:55.661813Z"
"18-8-2024",47,"
Una wey go rather go famz ‚Äú man of God ‚Äú than to stand with wetin simply dey right even if e no really favor una?

Religious people wey dey behave like say the religious books no dey address them too‚Ä¶ Abi no be religious people dey government? Make una dey play fight dey go‚Ä¶",708,"1","2024-10-01T17:09:29.569999Z",708,3.428,"Offensive","2024-10-01T17:09:29.570191Z"
"18-8-2024",48,"
See new posts
Conversation
Teslim.
@VectorThaViper
If all of una dey talk boldly like this for the handles of the people we dey destroy una opportunities and the people wey dey join people wey dey put all of una for this predicament, we for don get better head way for where all of us dey go but herr we are as usual. 

You are becoming same with the ‚Äú principalities and powers ‚Äú by poisoning the conversation of enlightenment; your biology is sending you to hell‚Ä¶ I told you already.",709,"1","2024-10-01T17:10:17.590704Z",709,43.12,"Offensive","2024-10-01T17:10:17.590839Z"
"18-8-2024",49,"
Your dustbin go full later.",710,"1","2024-10-01T17:10:29.504690Z",710,5.398,"Offensive","2024-10-01T17:10:29.504894Z"
"18-8-2024",50,"
A successful man is one who knows himself‚Ä¶ a lost man may find himself in something that isn‚Äôt part his original natural self",711,"1","2024-10-01T17:11:10.557904Z",711,32.829,"Normal","2024-10-01T17:11:10.560631Z"
"18-8-2024",51,"

Being broke is not terminal illness‚Ä¶

And as for money, let‚Äôs act like we haven‚Äôt learnt that all that glitters isn‚Äôt gold and that money can never be a constant figure ( it always either increases or decrease as long as man lives).

Alaaru t‚Äôon je buredi‚Ä¶",712,"1","2024-10-01T17:11:44.291358Z",712,28.035,"Normal","2024-10-01T17:11:44.291516Z"
"17-8-2024",52,"
Thankful in life for experiencing my kind of people‚Ä¶ music has blessed me with this and i am grateful again.

‚ù§Ô∏èüêç‚ù§Ô∏è",713,"1","2024-10-01T17:12:02.688870Z",713,1.766,"Normal","2024-10-01T17:12:02.689062Z"
"16-8-2024",53,"

Nigerian government isn‚Äôt ready for the rise of the digital rebellion‚Ä¶ people wey no sabi anything other than money and loans na them wan face people wey impoverishment don turn them to ‚Äú cerebro ‚Äú for hustle?  Lol.",714,"1","2024-10-01T17:12:20.106461Z",714,1.96,"Normal","2024-10-01T17:12:20.106664Z"
"13-8-2024",54,"

All already know the king killer will smile over your death
You must be living upsides down with the tiles over your head 

Lol",715,"1","2024-10-01T17:14:15.739952Z",715,109.106,"Offensive","2024-10-01T17:14:15.740095Z"
"13-8-2024",55,"
Why are some surprised that music takes time to circulate amidst listeners? 

Na music no be order; breathe bro.

‚ù§Ô∏èüêç‚ù§Ô∏è",716,"1","2024-10-01T17:14:47.067052Z",716,2.065,"Offensive","2024-10-01T17:14:47.067193Z"
"12-8-2024",56,"
This is a wrong way to think you should be saddened by how they treat Africans whether Nigerian or people of Congo",717,"1","2024-10-01T17:15:10.475422Z",717,1.809,"Normal","2024-10-01T17:15:10.475609Z"
"12-8-2024",57,"
If not for foolish leaders, wetin any person wan follow me talk as a Nigerian for this life? 
Na oil, Arts, Music, strength, brain, style or resource?

What can they have that is so great that i as a Nigerian shall tremble in marvel? 

Alas, everybody deserves what they get in life so i wish the African people who feel they can liberate themselves from their dog walkers by themselves ALONE good luck‚Ä¶ time always tells.

Moving on‚Ä¶",718,"1","2024-10-01T17:15:17.450606Z",718,2.27,"Offensive","2024-10-01T17:15:17.450792Z"
"12-8-2024",58,"
You wey my pikin senior for height? 

Wo oju mi ki o ri olodumare lo‚Äôke",719,"1","2024-10-01T17:15:35.455142Z",719,10.005,"Offensive","2024-10-01T17:15:35.460173Z"
"12-8-2024",59,"
I saw this happen with channel O before now and to be honest , he have the right to preserve their culture as they deem fit‚Ä¶ you know say Nigerians are dominating by nature so yeah‚Ä¶",720,"1","2024-10-01T17:16:00.501108Z",720,17.665,"Normal","2024-10-01T17:16:00.501273Z"
"12-8-2024",60,"

Buju may not know the musical implications of his argument. The talking drum for example plays a variety of beat patterns ( including dancehall ) in syncopations so complex that if anyone takes time, they will see that many original musical  inspiration comes from the Original side of the African music spectrum.

I like reggae and dancehall still‚Ä¶",721,"1","2024-10-01T17:16:43.701869Z",721,37.155,"Normal","2024-10-01T17:16:43.702083Z"
"12-8-2024",61,"
Anybody wey you need to remind say you do good for a no worth am",722,"1","2024-10-01T17:17:35.086491Z",722,41.788,"Indeterminate","2024-10-01T17:17:35.086630Z"
"12-8-2024",62,"
When them self finish make dem come back‚Ä¶ that said, Dey think properly before you respond to issues of intellect.",723,"1","2024-10-01T17:18:16.883152Z",723,33.306,"Offensive","2024-10-01T17:18:16.883292Z"
"12-8-2024",63,"
Olodo! Na amapiano na him you see for all the attacks wey don dey so since before amapiano blow?",724,"1","2024-10-01T17:18:26.194796Z",724,1.66,"Offensive","2024-10-01T17:18:26.194962Z"
"12-8-2024",64,"
Pastors couldn‚Äôt redeem him‚Ä¶ he‚Äôs a lost case",725,"1","2024-10-01T17:18:47.480244Z",725,10.088,"Normal","2024-10-01T17:18:47.480406Z"
"12-8-2024",65,"
With the way they stigmatize Nigerians, you would think we don‚Äôt have Nigerians saving the lives of  many people outside Nigeria from sports to music to science and tech, academia, healthcare and more. 

i don‚Äôt rate the countries genuinely stigmatizing my people because i know Nigerians add life to anything they are a part of. 

As for crime, you must be stupid to think we are the most criminal in the society where the drugs you claim come into your land via your native ports‚Ä¶lol 

I don‚Äôt even know why many are traveling to these places to face racism and xenophobia‚Ä¶  guess many would rather go and ride the bus Rosa parks ( and her likes ) fought for blacks to ride freely in than be like her in their own immediate reality.",726,"1","2024-10-01T17:19:40.556267Z",726,46.301,"Offensive","2024-10-01T17:19:40.556486Z"
"12-8-2024",66,"
now here‚Äôs the twist‚Ä¶
You mean all those people who have ‚Äú spiritual powers ‚Äúto harm from afar don‚Äôt have a problem with how their leaders are disrespecting their humanity and selfishly making decisions that puts them and all their loved ones in constant stress and loss of life? 

As in, na just person wey dey try do better for life them dey focus on? ( as evident many times on social media ) Lol‚Ä¶

After this thought , if you still believe a man somewhere can read a book and become more important in your life than you with God then this talk is above you.

Ma jeun before you pay.",727,"1","2024-10-01T17:20:48.454827Z",727,2.038,"Indeterminate","2024-10-01T17:20:48.455588Z"
"11-8-2024",67,"
Ma jeun before you payüòâ",728,"1","2024-10-01T17:20:58.838056Z",728,1.695,"Indeterminate","2024-10-01T17:20:58.838208Z"
"Nov 8",68,"
i genuinely feel the music world may be losing the simple essence of music and since you can‚Äôt fault man for however man chooses to live, it may be best to let everyone be how they deem fit is best for them 
( may we all find what we desire ).

Again, the desire with music is simply to connect with who ever is ready to pair again and again‚Ä¶

‚Ä¶and as for ‚Äúflowers‚Äù? 
What is ‚Äúflowers‚Äù to vast gardens of supporters in fans? 

Make we just dey flex make music Dey go‚Ä¶ nobody lives forever.

Ma jeun before you pay on Sunday.",729,"1","2024-10-01T17:21:36.969416Z",729,2.269,"Normal","2024-10-01T17:21:36.969551Z"
"9-8-2024",69,"
Covid happen and all miracles pause now ‚Äúmen of God ‚Äú don Dey seek judgement before judgement dayüòí

last last eye no need hand to open; No chop food before you pay‚Ä¶",730,"1","2024-10-01T17:21:58.101028Z",730,2.167,"Offensive","2024-10-01T17:21:58.101187Z"
"9-8-2024",70,"
I see how you look up to such scenarios",731,"1","2024-10-01T17:22:24.560787Z",731,13.47,"Indeterminate","2024-10-01T17:22:24.561014Z"
"6-8-2024",71,"
Still standing out; emi ni omo ti o sun‚Äôle",732,"1","2024-10-01T17:22:40.687581Z",732,5.468,"Normal","2024-10-01T17:22:40.687755Z"
"6-8-2024",72,"
Olanrewaju omo ga‚Ä¶ iwo saa maa rora se‚Ä¶
",733,"1","2024-10-01T17:22:55.932247Z",733,8.164,"Normal","2024-10-01T17:22:55.932419Z"
"5-8-2024",73,"
I think their individual names is just fine",734,"1","2024-10-01T17:23:04.995396Z",734,1.818,"Normal","2024-10-01T17:23:04.995603Z"
"5-8-2024",74,"
Oya no vex‚Ä¶üòä",735,"1","2024-10-01T17:23:13.042334Z",735,1.896,"Normal","2024-10-01T17:23:13.042453Z"
"5-8-2024",75,"
I always gift my loved ones music so we can all celebrate together in music‚Ä¶ 

Omo! See answer noooooow!!!!! üò§

‚ù§Ô∏èüêç",736,"1","2024-10-01T17:23:48.596601Z",736,8.979,"Normal","2024-10-01T17:23:48.596760Z"
"5-8-2024",76,"
Wa sere padiehüí™üèæ",737,"1","2024-10-01T17:23:57.571347Z",737,1.993,"Normal","2024-10-01T17:23:57.571507Z"
"5-8-2024",77,"
YOU STILL NEED MUSIC IN TRYING TIMES  TEGWOLO!!!",738,"1","2024-10-01T17:24:06.862264Z",738,1.984,"Normal","2024-10-01T17:24:06.862449Z"
"5-8-2024",78,"
Nothing toned down ; many of you just don‚Äôt pay enough attention to the things you claim you love enough to follow it as it grows; you‚Äôre stuck in your own thoughts. 

Tomorrow begins a story you should just follow‚Ä¶ it‚Äôs leading somewhereüòé.

Oshamoh?",739,"1","2024-10-01T17:24:41.410140Z",739,1.677,"Normal","2024-10-01T17:24:41.410300Z"
"5-8-2024",79,"
Back to music‚Ä¶ tomorrow we commence. A7 begins.",740,"1","2024-10-01T17:24:57.975779Z",740,1.919,"Normal","2024-10-01T17:24:57.976030Z"
"5-8-2024",80,"
And you believe this rubbish you wrote? 
Interesting times.",741,"1","2024-10-01T17:25:12.901675Z",741,1.609,"Offensive","2024-10-01T17:25:12.901818Z"
"5-8-2024",81,"
Maybe it‚Äôs because it‚Äôs an intelligence thing?",742,"1","2024-10-01T17:25:32.111896Z",742,4.82,"Normal","2024-10-01T17:25:44.210830Z"
"5-8-2024",82,"
Them Dey hail teams wey Dey ball presently you Dey say your team don win something before‚Ä¶ ok now. You know say na your team go first win something before. Lol.",743,"1","2024-10-01T17:26:05.143254Z",743,31.23,"Offensive","2024-10-01T17:26:25.391345Z"
"5-8-2024",83,"
What is herb to consciousnessü´•?",744,"1","2024-10-01T17:27:43.840675Z",744,2.876,"Normal","2024-10-01T17:27:43.840820Z"
"5-8-2024",84,"
‚Ä¶The only way to win is by the brain",745,"1","2024-10-01T17:27:53.117563Z",745,2.278,"Normal","2024-10-01T17:27:53.117900Z"
"5-8-2024",85,"
Na the people way dey support the ones wey dey help politicians spoil people lives; many of you don‚Äôt check them enough based on accountability‚Ä¶",746,"1","2024-10-01T17:28:39.137273Z",746,34.751,"Normal","2024-10-01T17:28:39.137485Z"
"5-8-2024",86,"
At the ‚Äú peak ‚Äú of his game",747,"1","2024-10-01T17:28:49.174760Z",747,2.071,"Normal","2024-10-01T17:28:49.174911Z"
"5-8-2024",87,"
Sure thing king‚Ä¶ may the campaign be #successful",748,"1","2024-10-01T17:29:27.555335Z",748,3.393,"Normal","2024-10-01T17:29:27.555522Z"
"5-8-2024",88,"
Since Kanu Nwankwo ‚Äú Papilo ‚Äú era‚Ä¶

New season; new reason.
",749,"1","2024-10-01T17:29:39.442416Z",749,5.366,"Normal","2024-10-01T17:29:39.442566Z"
"5-8-2024",89,"
Sadly, you can‚Äôt force a Nigerian to be tired of hardship.

 said it many times that we must revolt against the people around us first before we collectively revolt against the system. 

Why? 
There are many who honestly don‚Äôt have informed understanding of what‚Äôs going on and those people are easily impressioned into the wrong stance‚Ä¶ you can‚Äôt win a war with enemies within.",750,"1","2024-10-01T17:30:27.394807Z",750,41.173,"Normal","2024-10-01T17:30:27.395011Z"
"5-8-2024",90,"
The new military pregnancy test kit‚Ä¶ you pee on the black panel and the tip prints the results.
",751,"1","2024-10-01T17:31:00.345132Z",751,22.985,"Normal","2024-10-01T17:31:00.345324Z"
"5-8-2024",91,"
My message is not to the rappers ( those ones, NO PRESSURE )‚Ä¶ my message is to you who may not know the hell you are likely to get into simply because you are an artist honestly looking up to someone who knows ‚Äú the way ‚Äú when in truth, it‚Äôs knowledge of the way to Hell.

EOD.",752,"1","2024-10-01T17:31:37.324167Z",752,51.404,"Offensive","2024-10-01T17:31:37.324305Z"
"5-8-2024",92,"
I‚Äôm not anywhere i shouldn‚Äôt be‚Ä¶ the great men are usually sabotaged by their closest environment then after the betrayal, everyone will agree they are great‚Ä¶ that‚Äôs why the music message must be ever green; we have hacked the system of the ingrate",753,"1","2024-10-01T17:32:23.148151Z",753,34.403,"Normal","2024-10-01T17:32:23.148379Z"
"Aug 5",93,"
Haven‚Äôt responded to Hiphop commentaries in a long minute because the genre has the most vocal ignorants who know nothing about the art style of different artists they speak about. 

That said, Hiphop is a genre that stands with some HARD truth. 

Hiphop doesn‚Äôt need fakes who use money and affluence to fight lyrical battles‚Ä¶ I have had beefs with rappers but never thought to stop their ‚Äú üíº ‚Äú; i have put some on platforms that they would never put me for reasons best known to them if roles were reversed (and trust me, the roles have been reverse many times ) but hey ‚Äú i think they scared of me is my guess ‚Äú.

there are so many Hiphop affiliated execs (rappers ) who sell out their people in contractual greed; one of them you praise on here helps labels buy artists catalogues for cheap simply because if you convert the money to Naira, 
iss plenty. 

Many of you think some of these weak men are hard rappers simply because they tell you on tracks‚Ä¶ lol 

what then differs them from politicians? 
",754,"1","2024-10-01T17:33:19.652234Z",754,75.289,"Offensive","2024-10-01T17:33:19.652447Z"
"4-8-2024",94," 
Zoro is doing something with his new single blending traditional igbo and Yoruba instruments in production‚Ä¶ 

There is a message in there somewhere #EgoOwo
@ZoroSwagbag",755,"1","2024-10-01T17:51:05.375894Z",755,1057.857,"Normal","2024-10-01T17:51:05.376095Z"
"4-8-2024",95,"
Them no dey tell blind man say rain dey fall‚Ä¶",756,"1","2024-10-01T17:51:34.255408Z",756,8.951,"Normal","2024-10-01T17:51:34.255631Z"
"4-8-2024",96,"What do Africans think the western world would do‚Ä¶ take the sides of the immigrants that are exploited by the same western world in the first place? 

Is the war happening and brewing at the same time not enough reason to see reason with trying our best to better ourselves? I want to believe there were Nigerians based in Ukraine referencing Nigeria as ‚Äú that country ‚Äú until he unrest‚Ä¶

Last, last, ile ni abosimi.",757,"1","2024-10-01T17:54:15.247134Z",757,126.322,"Indeterminate","2024-10-01T17:54:15.247284Z"
"4-8-2024",97,"
Oh my gosh! They loot too? Wow! üòí",758,"1","2024-10-01T17:54:30.182291Z",758,7.736,"Indeterminate","2024-10-01T17:54:30.182638Z"
"4-8-2024",98,"
One for Sound sultan üí™üèæ",759,"1","2024-10-01T17:54:38.336030Z",759,1.693,"Normal","2024-10-01T17:54:38.336269Z"
"4-8-2024",99,"
‚Äú Ma jeun before you pay ‚Äú that‚Äôs what I‚Äôm saying üòÇ",760,"1","2024-10-01T17:54:55.668723Z",760,10.759,"Normal","2024-10-01T17:54:55.668929Z"
"4-8-2024",100,"
Na so that one wey be police station activist claim say protests have been high jacked by ‚Äú terro-rist ‚Äú which aided the false narratives that led to the actions that caused the demise of many.

If anybody talk that time dem go say na hate on grace, the fool is talking the same line of intentional misinformation‚Ä¶ he fails to see that the Nigerian people force expands beyond Naija‚Ä¶

One day bushmeat go catch the hunter and when e happen‚Ä¶ #HASHIRA",761,"1","2024-10-01T17:55:20.320777Z",761,16.069,"Offensive","2024-10-01T17:55:20.320931Z"
"3-8-2024",101,"
The are the wilderness",762,"1","2024-10-01T17:55:32.542319Z",762,6.433,"Indeterminate","2024-10-01T17:55:32.542581Z"
"3-8-2024",102,"

It‚Äôs a chill on there‚Ä¶",763,"1","2024-10-01T17:55:44.590062Z",763,6.198,"Normal","2024-10-01T17:55:44.590213Z"
"3-8-2024",103,"
Person wey go dance with wolves must rehearse‚Ä¶",764,"1","2024-10-01T17:55:58.761544Z",764,8.035,"Normal","2024-10-01T17:55:58.761793Z"
"3-8-2024",104,"

Preda he viper! I greet you",765,"1","2024-10-01T17:56:07.436674Z",765,2.051,"Normal","2024-10-01T17:56:07.436814Z"
"3-8-2024",105,"
Your energy is perfect for the record champ! Na your herbalist dance remain like this üòÇ",766,"1","2024-10-01T17:56:40.244721Z",766,26.116,"Normal","2024-10-01T17:56:40.244900Z"
"3-8-2024",106,"She‚Äôs a Dj based in Amsterdam SVBRINA.",767,"1","2024-10-01T17:56:56.568775Z",767,7.488,"Normal","2024-10-01T17:56:56.568934Z"
"3-8-2024",107,"
Head before hand",768,"1","2024-10-01T17:57:07.828381Z",768,5.702,"Normal","2024-10-01T17:57:07.828549Z"
"3-8-2024",108,"
All the ones in Daura lol",769,"1","2024-10-01T17:57:18.959831Z",769,5.561,"Normal","2024-10-01T17:57:18.960020Z"
"2-8-2024",109,"
Lol‚Ä¶ people are earning more to be able to afford less than before‚Ä¶ i can see that reality.",770,"1","2024-10-01T17:57:34.440189Z",770,9.579,"Normal","2024-10-01T17:57:34.440336Z"
"2-8-2024",110,"Omo! If you no dey pay school fees for Naija or abroad no follow me talk lol‚Ä¶ twitter get plenty other handles.",771,"1","2024-10-01T17:58:32.487159Z",771,50.426,"Indeterminate","2024-10-01T17:58:32.487320Z"
"2-8-2024",111,"
You suppose dey check your thoughts based on the importance of the conversation wey you dey engage.",772,"1","2024-10-01T17:58:50.129150Z",772,10.707,"Indeterminate","2024-10-01T17:58:50.129290Z"
"2-8-2024",112,"
Make dem let people talk their mind and make dem self reason am with their mind.",773,"1","2024-10-01T17:59:09.735968Z",773,11.589,"Indeterminate","2024-10-01T17:59:09.736119Z"
"2-8-2024",113,"
O mo pe eleda ti ire o w‚Äôaiye wa fun ni‚Ä¶",774,"1","2024-10-01T17:59:28.496616Z",774,9.052,"Normal","2024-10-01T17:59:28.496773Z"
"2-8-2024",114,"The sane officers hear me loud and clear and they are on social media because they are humans with other interesting lives outside of their uniforms‚Ä¶ maybe you all should stop generalizing as you would never in a life time believe VECTOR is he son of an upright officer in the police force. ",775,"1","2024-10-01T18:01:07.556713Z",775,90.198,"Indeterminate","2024-10-01T18:01:14.607692Z"
"2 -8-2024",115,"
Once again to the men of the armed forces, 
 it is best for all to have accountable leaders. 
Your children are going to grow in the same society decay if we don‚Äôt try our best for the best we can achieve.

Barrack children, Una self fit speak for Una parents; all that ‚ÄúBoss officer‚Äù talk na when we be pikin‚Ä¶now most of us don turn men wey naija lifestyle dey affect; school fees self don increase based on fuel price and light tariff.

I greet you.",776,"1","2024-10-01T18:01:47.073889Z",776,26.749,"Indeterminate","2024-10-01T18:01:47.075575Z"
"2-8-2024",116,"You are not my friend‚Ä¶ you are an acquaintance who used to roll dice with my friends and i decades ago. 
It‚Äôs was fun then but we are grown now.

The difference is, they ALL  didn‚Äôt become addicts to the point where They‚Äôd be embarrassing themselves on social media.",777,"1","2024-10-01T18:02:09.373893Z",777,14.454,"Offensive","2024-10-01T18:02:09.374654Z"
"1 -8-2024",117,"
The point of the protest is, as usual, a call for attention to the state of the welfare of the people‚Ä¶ homes are going through  aggression influenced by the struggles of the society.

Families are loosing bond because of ‚Äú hustle / greener pastures ‚Äú.
If the impoverishment doesn‚Äôt stop, society will breed more beastliness.

#EndBadGovernanceInNigeria for the future.",778,"1","2024-10-01T18:02:44.022677Z",778,18.094,"Normal","2024-10-01T18:02:44.022862Z"
"1-8-2024",118,"
What do people gain from trying to talk people down? 
Especially the people they can‚Äôt really say they know?

How did this become such a heavy trend?
Una no dey reason am?",779,"1","2024-10-01T18:03:04.015291Z",779,11.749,"Offensive","2024-10-01T18:03:04.016360Z"
"1-8-2024",119,"
If only you all paid closer attention to ‚Äú Monsters you made ‚Äú‚Ä¶ 

#StopKillingYourProphets you don‚Äôt massively stream conscious music according to ‚Äú general argument ‚Äú either.

Love to 
@burnaboy
 still‚Ä¶  #Big7üí™üèæ",780,"1","2024-10-01T18:03:29.799723Z",780,2.364,"Offensive","2024-10-01T18:03:29.799869Z"
"1-8-2024",120,"
Lol‚Ä¶ dem dey roast you steady broüòÇ.",781,"1","2024-10-01T18:03:37.897829Z",781,1.747,"Offensive","2024-10-01T18:03:37.899068Z"
"1-8-2024",121,"
Lol‚Ä¶ omo! Respect yourself. Your boy is a big boy now too‚Ä¶ bless him.",782,"1","2024-10-01T18:03:56.446894Z",782,11.526,"Normal","2024-10-01T18:03:56.454059Z"
"1-8-2024",122,"
No be everything wey you read you go understand‚Ä¶ how 7th heaven?",835,"1","2024-10-01T18:32:22.265272Z",783,9.611,"Indeterminate","2024-10-01T18:32:22.265408Z"
"1-8-2024",123,"
Yes it can if everyone decides to be honest with their lives and how they are living it; It‚Äôs actually not that hard.",836,"1","2024-10-01T18:32:58.111292Z",784,25.073,"Normal","2024-10-01T18:32:58.111514Z"
"1-8-2024",124,"
To my Christian friends, just so you know, Christ was not a coward in the face of mass injustice‚Ä¶ His cross was his punishment for ALWAYS standing with the truth.

Amen?",837,"1","2024-10-01T18:33:22.326735Z",785,14.39,"Normal","2024-10-01T18:33:22.326887Z"
"1-8-2024",125,"
Plenty people dey patronize wetin dey destroy all of us‚Ä¶ those people no really worth anything based on way forward.",838,"1","2024-10-01T18:33:42.297987Z",786,11.902,"Indeterminate","2024-10-01T18:33:42.298301Z"
"1-8-2024",126,"
Na the money to buy am come remain like this‚Ä¶ ki l‚Äôa ma sa se bayi?",839,"1","2024-10-01T18:35:19.929628Z",787,87.729,"Normal","2024-10-01T18:35:19.929786Z"
"1-8-2024",127,"
History will not be kind to me if honesty doesn‚Äôt reign; I have no hopes for historical eventualities‚Ä¶

i am with my people because i don‚Äôt have a better choice otherwise, many Nigerians are not worth the sacrifice.",840,"1","2024-10-01T18:35:58.565454Z",788,22.863,"Indeterminate","2024-10-01T18:35:58.565629Z"
"1-8-2024",128,"
My message is solely for fans and maybe lovers of freedom... i have no intention of appealing to anyone outside this understanding; the rest can enjoy what they enjoy.

May Nigeria be free so that it can be valued right so that Nigerians can be respected accordingly globally.",841,"1","2024-10-01T18:36:41.586715Z",789,25.147,"Indeterminate","2024-10-01T18:36:41.587077Z"
"1-8-2024",129,"
Lol.. dem self dey buy fuel and diesel",842,"1","2024-10-01T18:36:59.465643Z",790,9.295,"Normal","2024-10-01T18:36:59.465845Z"
"1-8-2024",130,"
Don‚Äôt rate many na why them say i dey form",843,"1","2024-10-01T18:37:16.579419Z",791,8.13,"Normal","2024-10-01T18:37:16.579593Z"
"1-8-2024",131,"
You want to attack armed men and women with weaklings‚Ä¶ if you fit best normal tough barrack boy i go dash you money",844,"1","2024-10-01T18:38:36.100778Z",792,65.962,"Normal","2024-10-01T18:38:36.101586Z"
"1-8-2024",132,"
People we no get mouth dey abuse people we get mouth because they speak up. 

Their parents dey house all these years wey government dey abuse their generations but Tegwolo self go say elder dey market when dem born am.

Make we dey look‚Ä¶ you can‚Äôt ‚Äú savage ‚Äú away your reality.",845,"1","2024-10-01T18:39:51.073753Z",793,65.135,"Indeterminate","2024-10-01T18:39:51.073931Z"
"1-8-2024",133,"
To the celebrities taking sides against the reality of their own people/fans, it may be best to repent before you become the only reachable option if the hardship doesn‚Äôt stop.

#stopsupportingbadgovernance",846,"1","2024-10-01T18:40:23.525273Z",794,20.375,"Indeterminate","2024-10-01T18:40:23.525502Z"
"31-7-2024",134,"
Another thing, people don‚Äôt need to be thanked for standing for what is right; what should any sane human stand for?",847,"1","2024-10-01T18:41:13.879469Z",795,27.876,"Normal","2024-10-01T18:41:13.879635Z"
"31-7-2024",135,"
Queen Onyeka! The video of her weeping to the leaders will stay forever reminding the world where she stood for the people of the country;
It‚Äôs a blessing to know of her music and life. 

May the souls of all the faithful departed through the mercy of our God rest in peace.",848,"1","2024-10-01T18:42:37.391697Z",796,72.463,"Normal","2024-10-01T18:42:37.391858Z"
"31-7-2024",136,"
My stance with the people remains‚Ä¶ 

#EndBadGovernace so that the people will stop having a reason to run away to worlds where something a simple as skin color is a problem; you are in office for them.",849,"1","2024-10-01T18:43:14.914929Z",797,17.945,"Offensive","2024-10-01T18:43:14.915169Z"
"31-7-2024",137,"
It‚Äôs the ones talking like they can do jack in a one on one for me‚Ä¶ like if you were by yourself you would speak to like that?

ü§°",850,"1","2024-10-01T18:43:34.521190Z",798,2.041,"Offensive","2024-10-01T18:43:34.521371Z"
"31-7-2024",138,"
The same one wey dem interview for tv? Lol. Abeg leave me",851,"1","2024-10-01T18:43:55.910893Z",799,9.999,"Indeterminate","2024-10-01T18:43:55.911141Z"
"31-7-2024",139,"
The elders are once again bragging to the youths, saying things that suggests that they will harm their own youths complaining about how life has always gotten harder the more we advance.

it is my human right to reject avoidable hardship in life‚Ä¶ the argument is simple.",852,"1","2024-10-01T18:44:21.965047Z",800,14.539,"Indeterminate","2024-10-01T18:44:21.965222Z"
"20-7-2024",140,"
‚Ä¶Not but honor may we ever bring,
to thy name who‚Äôs honor we bear,
may we worship God and love all men‚Ä¶
",853,"1","2024-10-01T18:44:41.142146Z",801,12.303,"Normal","2024-10-01T18:44:41.142289Z"
"20-7-2024",141,"
‚Äú But i know we can‚Äôt win if na by guns; the only way to win is by the brain because if we must win by the sun, we must be willing to win in the rain ‚Äú",854,"1","2024-10-01T18:45:06.162069Z",802,12.475,"Normal","2024-10-01T18:45:06.162248Z"
"20-7-2024",142,"
Na every barrack be that.",895,"1","2024-10-01T19:19:17.516933Z",803,10.74,"Normal","2024-10-01T19:19:17.517180Z"
"20-7-2024",143,"
All barrack boys and girls make una show SP with SUPER INTENT, 
pictures of the state of your barrack today incase he‚Äôs unaware.

Barrack Children are becoming worse mentally in the barracks everyday due to the nature of welfare of their parents in the force.",896,"1","2024-10-01T19:22:19.888816Z",804,169.04,"Normal","2024-10-01T19:22:19.889014Z"
"19-7-2024",144,"
Anansewa! Based on ‚Äú the spider ‚Äú",897,"1","2024-10-01T19:22:39.487266Z",805,5.772,"Indeterminate","2024-10-01T19:22:39.487438Z"
"19-7-2024",145,"
When be burial? Una pick anakara?",898,"1","2024-10-01T19:23:15.400377Z",806,13.504,"Indeterminate","2024-10-01T19:23:15.400572Z"
"19-7-2024",146,"
Don‚Äôt give up on knowing there are good people‚Ä¶  you may have to find them too if you‚Äôre not too lazy to look.",899,"1","2024-10-01T19:23:43.340290Z",807,8.035,"Normal","2024-10-01T19:23:43.340509Z"
"19-7-2024",147,"
I know a person who thought to brag about  buying a house after selling out his people;

Oya now, live in it in the country‚Ä¶ problem.
E sure me say to run gen alone go shake him pockets.

I Dey clear am oga say ‚Äúbut God sees my heart ‚Äú you know say my own heart na Medusa headüòä.",900,"1","2024-10-01T19:25:27.194307Z",808,83.423,"Indeterminate","2024-10-01T19:25:27.194449Z"
"19-7-2024",148,"
I know a person who thought to brag about  buying a house after selling out his people;

Oya now, live in it in the country‚Ä¶ problem.
E sure me say to run gen alone go shake him pockets.

I Dey clear am oga say ‚Äúbut God sees my heart ‚Äú you know say my own heart na Medusa headüòä.",901,"1","2024-10-01T19:25:46.998598Z",809,5.162,"Indeterminate","2024-10-01T19:25:46.998768Z"
"16-7-2024",149,"

Lmao‚Ä¶ e fit use talk damage you like this if e talk him mind üòÇ",902,"1","2024-10-01T19:26:10.384505Z",810,16.225,"Indeterminate","2024-10-01T19:26:25.365917Z"
"16-7-2024",150,"inside all this petrol matter, na barbers story go mad pass.",903,"1","2024-10-01T19:26:40.822922Z",811,7.873,"Indeterminate","2024-10-01T19:26:40.823125Z"
"15-7-2024",151,"
‚Äú God is not above 
if the feeling is within ‚Äú",904,"1","2024-10-01T19:26:56.600775Z",812,4.844,"Normal","2024-10-01T19:26:56.601041Z"
"15-7-2024",152,"
Respect your elders guys and stop hating.",905,"1","2024-10-01T19:27:22.316146Z",813,13.917,"Indeterminate","2024-10-01T19:27:22.316333Z"
"15-7-2024",153,"
This edition of A7 has Wonder women on it but before then, let‚Äôs disturb the peace a little shall we?

#NoApologies ",906,"1","2024-10-01T19:27:45.106170Z",814,11.28,"Indeterminate","2024-10-01T19:27:45.106407Z"
"14-7-2024",154,"
Una no fit see through these kinds but una want better governance from people who have skill in manipulating paper work? The same paper work that you would rather die than read? Lol. Ok now",907,"1","2024-10-01T19:28:11.006679Z",815,13.797,"Offensive","2024-10-01T19:28:11.006845Z"
"14-7-2024",155,"
Teslim.
@VectorThaViper
if man is made in the image and likeness of God, then i need to look no further especially if my ancestors have shown through NATURAL ways that God lives and takes care of life freely.

God is simply in Nature but your religious selves won‚Äôt ‚Äúsupport ‚Äú herbs even thought you eat native vegetable soups. 
Lol.
",908,"1","2024-10-01T19:28:41.298496Z",816,2.316,"Normal","2024-10-01T19:28:41.298654Z"
"14-7-2024",156,"
Dem dey talk say men of God dey use and mislead many, una dey say God‚Äôs word is deep lol. 

It‚Äôs like saying two plus two and you say the answer is yellow‚Ä¶.

Slow bunch aren‚Äôt y‚Äôall?",909,"1","2024-10-01T19:29:15.275422Z",817,17.384,"Offensive","2024-10-01T19:29:15.275582Z"
"14-7-2024",157,"
A lot of you will see that the issue is the person using information in the Bible but always move off point.",949,"1","2024-10-01T20:09:41.848718Z",818,14.474,"Indeterminate","2024-10-01T20:09:41.848894Z"
"14-7-2024",158,"
If money ensures heaven, what about this Bible verse? 

‚Äú It is easier for a camel to go through a needle's eye than for a rich person to enter into the Kingdom of God ‚Äú",950,"1","2024-10-01T20:10:15.582468Z",819,22.583,"Normal","2024-10-01T20:10:15.582651Z"
"14-7-2024",159,"
You just quoted nonsense in the real sense of something that has no sense within true context. If what you claim is true, living with this version of humanity should have ‚Äú deaded ‚Äú your hopes for breathing. You exist in a reality where they would rather get GMO‚Äôs deals than ",951,"1","2024-10-01T20:10:41.910125Z",820,11.061,"Offensive","2024-10-01T20:10:41.910275Z"
"14-7-2024",160,"
They clearly aren‚Äôt if they are ‚Äú okay ‚Äú with the reality around.",952,"1","2024-10-01T20:11:08.436574Z",821,15.946,"Normal","2024-10-01T20:11:08.436757Z"
"14-7-2024",161,"
Nigeria ati igbesi aiye e‚Ä¶ iwo naa roo‚Ä¶ se ko si ni sawawu problemu ni?",953,"1","2024-10-01T20:12:16.544777Z",822,47.205,"Indeterminate","2024-10-01T20:12:16.545441Z"
"14-7-2024",162,"
You don‚Äôt need an activist to think.",954,"1","2024-10-01T20:14:22.534083Z",823,16.601,"Offensive","2024-10-01T20:14:22.534240Z"
"14-7-2024",163,"
E get where suffer go reach, people no go need point anybody to anything‚Ä¶",955,"1","2024-10-01T20:14:55.751194Z",824,12.789,"Normal","2024-10-01T20:14:55.751423Z"
"14-7-2024",164,"
Those of you using what happened to fellow Nigerians (during Endsars) as examples in any form of mockery sha‚Ä¶

 like your social life is not crumbling around you with the increase in the price of petroleum and many other things‚Ä¶ 

Kidnap is the new armed robbery.",956,"1","2024-10-01T20:15:45.516308Z",825,36.071,"Indeterminate","2024-10-01T20:15:45.516467Z"
"14-7-2024",165,"
Abi ori egbon adugbo daru? Mi o mo‚Äôya e ri.",957,"1","2024-10-01T20:16:37.247813Z",826,31.402,"Offensive","2024-10-01T20:16:37.248054Z"
"14-7-2024",166,"
As long as you are also aware that You can‚Äôt hope for something you are not working towards‚Ä¶",958,"1","2024-10-01T20:17:12.431356Z",827,17.188,"Normal","2024-10-01T20:17:12.431765Z"
"14-7-2024",167,"
Na from mind Protest Dey start‚Ä¶ Una just like plenty actors na why script dey always change so una no go dey ‚Äú
Bored ‚Äú",959,"1","2024-10-01T20:17:38.899170Z",828,13.407,"Normal","2024-10-01T20:17:38.899362Z"
"14-7-2024",168,"
Here‚Äôs an idea, maybe all the people begging online should storm the social media handles of their politicians showing expensive cars and jewelry with their aza anytime they post to show that they have plenty material wealth‚Ä¶

As for me? I be rapper now‚Ä¶ rap no dey sell so‚Ä¶",977,"1","2024-10-01T20:31:39.174219Z",829,17.047,"Normal","2024-10-01T20:31:39.174378Z"
"14-7-2024",169,"
‚Ä¶as much as i respect the courage the Kenyan youths are showing, Nigeria is NOT Kenya; our dynamics are far apart. That said, since you can‚Äôt and shouldn‚Äôt force any human against their will‚Ä¶ 
when it‚Äôs honest time, many more will align.

Peace to everybody who deserves peace.",978,"1","2024-10-01T20:32:27.062821Z",830,19.588,"Indeterminate","2024-10-01T20:32:27.063001Z"
"13-7-2024",170,"
‚Äú Agba kii wa l‚Äôoja ki orii omo tun tun o wo‚Ä¶ ‚Äú

Children with deformed heads all over the market place; they can‚Äôt even think right",984,"1","2024-10-01T20:38:10.210137Z",831,14.238,"Offensive","2024-10-01T20:38:10.210302Z"
"12-7-2024",171,"
They care more about being savage to the public figure that won‚Äôt join politicians so they can post private trips to tension their followers",983,"1","2024-10-01T20:36:46.424314Z",832,18.046,"Indeterminate","2024-10-01T20:37:08.284186Z"
"12-7-2024",172,"
elders said ‚Äú Nay ‚Äú to a prayer in senate that suggests the government makes sure budget allocation for security is scrutinized to avoid FURTHER embezzlement.

Defenders ONLINE over to you.

By the way ‚Äú Nay ‚Äú means ‚ÄúNo‚Äù incase you are slow.",979,"1","2024-10-01T20:33:11.409494Z",833,2.906,"Offensive","2024-10-01T20:33:11.409647Z"
"12-7-2024",173,"
Lafiaji area b‚Äôo ti Kere mo ni‚Äôbe‚Ä¶ 

na why them go say some of us dey form where as na them no just get proper  
 self representation,dignity and respect. 

All the afore mentioned ( at its core ) have nothing to do with materialism.",982,"1","2024-10-01T20:35:19.145105Z",834,39.866,"Offensive","2024-10-01T20:36:00.659787Z"
"11-7-2024",174,"
I wish you the type of woke that adequately helps you when nobody‚Äôs there; the one that keeps you going no matter what...

don‚Äôt die till you stop breathing.",980,"1","2024-10-01T20:33:43.860377Z",835,15.571,"Normal","2024-10-01T20:33:43.860525Z"
"11-7-2024",175,"
Can‚Äôt remember names; popularity sucks.",981,"1","2024-10-01T20:34:31.686527Z",836,7.165,"Offensive","2024-10-01T20:34:31.686682Z"
"10-7-2024",176,"
lol. Like when ibro ask me for answer for exam hall‚Ä¶ I tell am e say ‚Äú it‚Äôs a lie ‚Äú lmao‚Ä¶ I wan blow him eye for hall",976,"1","2024-10-01T20:30:33.451613Z",837,72.829,"Offensive","2024-10-01T20:31:04.766905Z"
"9-7-2024",177,"
God no go forgive am for all the stress wey e put arsenal fans through lol. Lai lai.",975,"1","2024-10-01T20:29:15.503763Z",838,8.657,"Normal","2024-10-01T20:29:15.503903Z"
"9-7-2024",178,"
God no go forgive am for all the stress wey e put arsenal fans through lol. Lai lai.",974,"1","2024-10-01T20:28:57.984547Z",839,12.991,"Normal","2024-10-01T20:28:57.984713Z"
"8-7-2024",179,"
You fight each other because of the politics elders are playing with elders.
It‚Äôs so bad that you openly insult those that attempt to point your mind towards these things‚Ä¶ 

many of you claim you were sad about the story of the mockery of Jesus before he died.

You ask God",973,"1","2024-10-01T20:28:29.751995Z",840,16.15,"Indeterminate","2024-10-01T20:28:29.752197Z"
"7-7-2024",180,"If i ‚Äú cho ‚Äú wetin dey my mind to ‚Äú cho ‚Äú to you, them go say i dey shame you but dem no go see say you self no kuku get shame with the kind way wey you dey think but no wam! 

We Dey pray for you.",972,"1","2024-10-01T20:27:44.023710Z",841,10.924,"Offensive","2024-10-01T20:27:44.023873Z"
"7-7-2024",181,"
You wey dey openly complain say woman dribble you dey get mouth? Lmao.",971,"1","2024-10-01T20:27:07.302210Z",842,18.744,"Offensive","2024-10-01T20:27:07.302438Z"
"7-7-2024",182,"
Lol‚Ä¶ where were you in the same season? Una don begin dey do like ‚Äú okada riders fan club ‚Äú the mumu people go soon come begin defend team wey get defenders already üòÇ.",970,"1","2024-10-01T20:26:24.961208Z",843,34.166,"Offensive","2024-10-01T20:26:24.961390Z"
"7-7-2024",183,"
This should be enough reason for you be unbothered but here you are proving a point that is presently useless in conversation‚Ä¶

Go and support your team ( they really need it RIGHT NOW ) and stop embarrassing yourself openly; Have some dignity.",969,"1","2024-10-01T20:25:33.824258Z",844,20.064,"Offensive","2024-10-01T20:25:33.824427Z"
"7-7-2024",184,"
Na lie. Wetin you no really like right now be say your team no too dey game and na Sign say witchcraft dey your body because na sign of envy.

‚ÄúUp‚Äù Man U.",968,"1","2024-10-01T20:24:54.465479Z",845,104.889,"Offensive","2024-10-01T20:24:54.465665Z"
"6-7-2024",185,"
Super glue dey your eyes all these years Abi na now you just begin think?",967,"1","2024-10-01T20:22:53.700618Z",846,10.344,"Offensive","2024-10-01T20:22:53.700771Z"
"29-6-2024",186,"
Lol‚Ä¶ if I‚Äôm not pressing it, how is it my fault",966,"1","2024-10-01T20:22:29.233504Z",847,60.226,"Normal","2024-10-01T20:22:29.233707Z"
"29-6-2024",187,"
Lol. E good self‚Ä¶ make him self chop
From oyibo ways of deception to create fear",965,"1","2024-10-01T20:21:12.180081Z",848,16.031,"Indeterminate","2024-10-01T20:21:12.180272Z"
"28-6-2024",188,"
When you think about the mindset of the majority of the fools( though probably hereditary ), you see how the hardship makes sense as Gods way of punishing everyone for allowing stupid minds lead.

You can NOT respect your way out of your daily struggles.",964,"1","2024-10-01T20:20:32.011804Z",849,10.003,"Offensive","2024-10-01T20:20:32.012022Z"
"28-6-2024",189,"
You way Dey face light  and your opon still cast shadow‚Ä¶ 
with jaw like say e thief strong meat keep for one side.",963,"1","2024-10-01T20:19:59.810864Z",850,14.236,"Offensive","2024-10-01T20:19:59.811620Z"
"28-6-2024",190,"
I wonder if na elders get the jets‚Ä¶ Abi bawo?",962,"1","2024-10-01T20:19:26.557930Z",851,9.86,"Normal","2024-10-01T20:19:26.558170Z"
"28-6-2024",191,"
I don‚Äôt speak for anyone but my self. If all of una get issue with VDM make una self carry ring light‚Ä¶ no be fight",961,"1","2024-10-01T20:18:46.462572Z",852,27.148,"Indeterminate","2024-10-01T20:18:46.462706Z"
"28-6-2024",192,"Teslim.
@VectorThaViper
¬∑
Jun 28
If your papa face The amount of bullets wey my papa survive because of people like you and your own papa, you go Dey type in PTSD.",960,"1","2024-10-01T20:18:08.348208Z",853,16.756,"Offensive","2024-10-01T20:18:08.348409Z"
"28-6-2024",193,"
If you may, start looking at those people defending fake respect for elders‚Ä¶ they will most likely become exactly like the issue we are talking about. 

Many of una self vex for Desmond when he yarn but today, una home training pass Arsenal preparation for emirates‚Ä¶lol. 

Why",948,"1","2024-10-01T20:09:02.837715Z",854,36.119,"Offensive","2024-10-01T20:09:02.838839Z"
"27-6-2024",194,"
God punish them in advance. After them come for me make them go back to their reality wey they no fit lie about.",947,"1","2024-10-01T20:08:08.330720Z",855,9.837,"Offensive","2024-10-01T20:08:08.330898Z"
"27-6-2024",195,"
Let the youth embarrass the elders who don‚Äôt respect themselves. 

People are constantly stressed by the decisions of ‚Äúelders‚Äù; even the elderly are suffering seriously from the lack of Elderly wisdom needed  to motivate the people to live well in the simplest way‚Ä¶

God punish ‚Äúelder‚Äù wey dey mislead youth‚Ä¶ Go punish anybody wey dey believe say position pass human life.

No be curse when you look around and admit  reality.

",946,"1","2024-10-01T20:07:45.075169Z",856,30.385,"Indeterminate","2024-10-01T20:07:45.077929Z"
"26-6-2024",196,"
Those that ‚Äúknow‚Äù better than Saka should go and take his team shirt. Elenu nla eyan Festus.",945,"1","2024-10-01T20:06:58.801970Z",857,18.14,"Offensive","2024-10-01T20:06:58.802180Z"
"25-6-2024",197,"
They haven‚Äôt surfaced half as much as stupidity in podcasts‚Ä¶ they are coming. They are the colonial masters last line of the dense",944,"1","2024-10-01T20:06:16.481881Z",858,42.461,"Offensive","2024-10-01T20:06:16.482076Z"
"25-6-2024",198,"
Mumu say ‚ÄúOyibo don dey chop GMO since and nothing do them ‚Äú‚Ä¶ lol. 

Oyibo don dey drink ‚Äú soda ‚Äúsince self na‚Ä¶
Africas next biggest problem will be THE AFRICAN EDUCATED IDIOTS.",943,"1","2024-10-01T20:05:22.245069Z",859,1.996,"Offensive","2024-10-01T20:05:22.245260Z"
"25-6-2024",199,"I don‚Äôt have personal beef against government officials because na true say na the people hands true power dey but you see all those of you who stupidly say things to distract people from the truth‚Ä¶

it‚Äôs Coming and i know you feel it.
Keep supporting bad leaders amidst the people directly suffering from Their decisions lol.
",942,"1","2024-10-01T20:05:08.076036Z",860,13.715,"Offensive","2024-10-01T20:05:08.076203Z"
"25-6-2024",200,"
There is hope‚Ä¶ you just don‚Äôt see it amidst ignorant people and sadly, look around.",941,"1","2024-10-01T20:04:18.970527Z",861,12.716,"Indeterminate","2024-10-01T20:04:18.970745Z"
"20-6-2024",201,"
All of una wey dey mad‚Ä¶ person go dey parachute dey glide on him own una go shoot am! Una no sabi fair play?",940,"1","2024-10-01T20:03:32.553869Z",862,8.587,"Offensive","2024-10-01T20:03:32.554095Z"
"20-6-2024",202,"
Olopa will k√≥ all of you‚Ä¶ una know too much about weaponsüòê",939,"1","2024-10-01T20:01:59.204049Z",863,8.994,"Indeterminate","2024-10-01T20:01:59.204231Z"
"5-6-2024",203,"
Everyone has one or two awkward pose  pics but 
@ThaBoyYom
 has way too many‚Ä¶ even he knows what i‚Äôm talking about. Weird guy",938,"1","2024-10-01T20:01:38.173355Z",864,14.911,"Indeterminate","2024-10-01T20:01:38.173527Z"
"5-6-2024",204,"Person wey be say, the way him head big reach, e go take am 1hour to clean sweat from him forehead finish from left to right‚Ä¶ 

maybe a cargo plane next time‚Ä¶",937,"1","2024-10-01T20:00:48.128702Z",865,49.008,"Offensive","2024-10-01T20:00:48.128912Z"
"29-5-2024",205,"
All the barbers that know they don‚Äôt know how to line hair properly I have a question‚Ä¶

Where are you running to?",936,"1","2024-10-01T19:59:46.315190Z",866,15.183,"Indeterminate","2024-10-01T19:59:46.315375Z"
"29-5-2024",206,"No matter how ‚Äú fresh ‚Äú it looks, it must be madness waiting for something as simple as the sun to come only for you to try to bask in it for a few months, weeks or even days in varying cases; something that‚Äôs so common that it may cause you headaches if you‚Äôre out in it for long in Nigeria.
",935,"1","2024-10-01T19:59:12.129576Z",867,38.354,"Offensive","2024-10-01T19:59:12.129738Z"
"27-5-2024",207,"
Many of you want criminals in power to stop but the foundation of your respect for any human worships the lifestyle of public thieves and liars.
You make excuses for them openly in glorious folly; you defend people destroying you because of material ‚Äú grace ‚Äú. 

Keep believing.",934,"1","2024-10-01T19:58:20.233695Z",868,16.846,"Offensive","2024-10-01T19:58:20.234139Z"
"27-5-2024",208,"
It is not well‚Ä¶ a doctor died in an elevator in a hospital in a country where global warming is causing man made terror.

You are lying to yourself.",933,"1","2024-10-01T19:57:11.929197Z",869,149.88,"Indeterminate","2024-10-01T19:57:11.929395Z"
"27-5-2024",209,"
Religious leaders are leaving the country they claim God has promised to redeem just like politicians are investing their accumulated wealth outside their national origin the same way artists that ‚Äúlove‚Äù their fans are aligned with those that impoverish the said fans everyday.
üëÄ",932,"1","2024-10-01T19:54:22.004315Z",870,19.892,"Indeterminate","2024-10-01T19:54:22.004498Z"
"23-5-2024",210,"
Use your head reason am yourself.",931,"1","2024-10-01T19:53:53.195734Z",871,3.686,"Offensive","2024-10-01T19:53:53.195907Z"
"23-5-2024",211,"
Make men dey reason like the men wey dem be; una don too dey loose guard na why embarrassment dey gum body with many of una.",930,"1","2024-10-01T19:53:42.114286Z",872,11.998,"Offensive","2024-10-01T19:53:42.114438Z"
"9-5-2024",212,"
If you were intelligent, Considering you are on the floor either way,‚Ä¶ never mind.",929,"1","2024-10-01T19:53:06.637482Z",873,48.551,"Indeterminate","2024-10-01T19:53:06.637643Z"
"9-5-2024",213,"
Olodo‚Ä¶ Person wey don enter don enter. lol",928,"1","2024-10-01T19:51:44.643714Z",874,10.893,"Offensive","2024-10-01T19:51:44.643915Z"
"27-4-2024",214,"
Seun was making a point about kids whose parents are embezzlers and it had me thinking‚Ä¶ what can the child of thief do about the thief that had been before he/she was born?",927,"1","2024-10-01T19:50:53.429416Z",875,35.537,"Offensive","2024-10-01T19:50:53.429580Z"
"27-4-2024",215,"
But many of una na bully naw‚Ä¶ the difference be say na keypad be una tool. Normally, physically, you will produce manure instantly.",926,"1","2024-10-01T19:40:10.197163Z",876,25.283,"Offensive","2024-10-01T19:40:10.197336Z"
"23-4-2024",216,"
So many other team supporters have reduced themselves to waiting for a ‚Äú small club ‚Äú to fail. 
The irony is, they are acting like we don‚Äôt see their team falling / fallen. Una no sabi yab but why would i wrestle
With pigs when I can just let you keep sniffing your own shit?",925,"1","2024-10-01T19:39:17.906406Z",877,101.946,"Offensive","2024-10-01T19:39:17.906603Z"
"23-4-2024",217,"
Learning martial arts or boxing instills discipline but I don‚Äôt expect you to know that if you have never been through it. That said, if your child is a bully, you self suppose collect",924,"1","2024-10-01T19:37:13.067583Z",878,17.714,"Offensive","2024-10-01T19:37:13.067741Z"
"23-4-2024",218,"
Fathers, teach your daughters how to defend themselves against attackers.

Her future self esteem matters more than the hurt she will inflict on her oppressor or attacker.

Abi bully dey mad ni?",923,"1","2024-10-01T19:36:40.020450Z",879,1.744,"Offensive","2024-10-01T19:36:40.020609Z"
"14-4-2024",219,"
Make una self drop una headache. Goal goal goal, no result.",922,"1","2024-10-01T19:36:10.284315Z",880,5.974,"Offensive","2024-10-01T19:36:10.284491Z"
"4-4-2024",220,"
‚Äú Contemporary Nigerian foolishness ‚Äú",921,"1","2024-10-01T19:35:46.105154Z",881,3.04,"Offensive","2024-10-01T19:35:46.105284Z"
"1-4-2024",221,"
You don‚Äôt need to wait for the days your team is in right now. 

Leave Arsenal to their fate and face yours... It‚Äôs embarrassing",920,"1","2024-10-01T19:35:26.974070Z",882,14.322,"Offensive","2024-10-01T19:35:26.974287Z"
"1-4-2024",222,"
Make una try focus on una team",919,"1","2024-10-01T19:34:43.066404Z",883,20.174,"Indeterminate","2024-10-01T19:34:43.066589Z"
"1-4-2024",223,"
Wan maan d√≤ k√∫ normally ü§£. Attack Trossard aggressively at your own ‚Äúriks‚Äú",918,"1","2024-10-01T19:34:11.247319Z",884,8.57,"Indeterminate","2024-10-01T19:34:11.247479Z"
"1-4-2024",224,"

Roy keane get sense pass many people",917,"1","2024-10-01T19:32:55.108799Z",885,8.2,"Offensive","2024-10-01T19:32:55.109046Z"
"1-4-2024",225,"
Agbado inu igo di awo mojumo fun adiye‚Ä¶ Abi haters no go like dey see say them no matter?",916,"1","2024-10-01T19:32:32.954897Z",886,24.254,"Indeterminate","2024-10-01T19:32:32.955269Z"
"1-4-2024",226,"
You rate fools too much‚Ä¶ they don‚Äôt qualify as fear. ",915,"1","2024-10-01T19:31:46.380659Z",887,7.601,"Offensive","2024-10-01T19:31:46.381273Z"
"1-4-2024",227,"

You all need to stop generalizing your negative tribalism; it‚Äôs prolonging the unity of purpose you needed to succeed as people.

All of una eyes go open one day say no be politics be the biggest enemy but the people the politician report to.",914,"1","2024-10-01T19:31:27.991099Z",888,13.179,"Indeterminate","2024-10-01T19:31:27.991317Z"
"31-3-2024",228,"
It actually makes more sense that a man of this skin color was put through torture for having his own beliefs.",913,"1","2024-10-01T19:30:58.141383Z",889,10.713,"Normal","2024-10-01T19:30:58.141511Z"
"31-3-2024",229,"
You no fit await wetin your team go play‚Ä¶ shameless devul wey no get fire for him hell",912,"1","2024-10-01T19:30:28.466459Z",890,2.144,"Offensive","2024-10-01T19:30:28.466611Z"
"29-4-2024",230,"This is why you must hold your government accountable‚Ä¶ have you ever heard of regulatory bodies? It still takes a village to raise a child.",911,"1","2024-10-01T19:30:07.553316Z",891,13.238,"Indeterminate","2024-10-01T19:30:07.553472Z"
"26-4-2024",231,"If you are a pure one then i fuck with you‚Ä¶ it‚Äôs as simple as that. Make people wey get sense begin align because the ones wey no get don align and na dem dey reign.",910,"1","2024-10-01T19:29:39.280815Z",892,2.383,"Offensive","2024-10-01T19:29:39.281029Z"
"26-4-2024",232,"Who put them in power? lol. Dey play. Most of the fools backing liars don‚Äôt eventually benefit from the spoils. Check the grass-root politicians, struggle wan finish them but them dey political party dey supp",894,"1","2024-10-01T19:18:32.017200Z",893,8.452,"Offensive","2024-10-01T19:18:32.017497Z"
"26-4-2024",233,"Police brutality no be until police injure or off person. 
I know how i have dealt with police oppression in the past and guess what, it‚Äôs usually the citizens that instigate the abuse of power against themselves.

Most of you are more ev!l than the politicians.",893,"1","2024-10-01T19:16:15.085345Z",894,112.888,"Offensive","2024-10-01T19:16:15.085520Z"
"26-4-2024",234,"
You don‚Äôt have to be perfect to protect the children. Hell on earth and in the afterlife to those poisoning innocence by sleeping with them.

And those that turn a blind eye because of money, may those eyes never function for good for you.",892,"1","2024-10-01T19:14:06.698793Z",895,21.567,"Offensive","2024-10-01T19:14:06.699023Z"
"25-4-2024",235,"Gbo gbo wan o ni ni isimi",891,"1","2024-10-01T19:12:48.764258Z",896,3.068,"Offensive","2024-10-01T19:12:48.764410Z"
"25-8-2024",236,"My parents raised me to hate ‚Äúiregun‚Äù so i will leave out details of what I‚Äôve done for rap and rappers in Nigeria materially and mentally.

Again, it‚Äôs not like any of you can walk up to me in Real life and be your bitch self so enjoy online.",890,"1","2024-10-01T19:12:14.839700Z",897,18.889000000000003,"","2024-10-01T19:12:29.250377Z"
"25-8-2024",237,"Hip hip deads‚Ä¶ terry no sabi rap again? Mojeed nko? What about O-zone? Sauce? And the younger ones? Corleone? Vader? What is your playlist saying? 
Check all out monthly listeners for instance on spotify and see how dead you HIPHop ‚Äúfollowers‚Äù are.

Mumu people.",889,"1","2024-10-01T19:11:46.334112Z",898,16.758,"Offensive","2024-10-01T19:11:46.334282Z"
"25-8-2024",238,"Hiphop heads wey their patronage no dey ever show for hiphop back end data? üòÇ clowns",888,"1","2024-10-01T19:11:16.088745Z",899,40.338,"Offensive","2024-10-01T19:11:16.088894Z"
"25-8-2024",239,"They have opinions that never seem to consider the CHILDREN. 

No man or woman is perfect but considering the CHILD is a MUST! 
You say your partner is selfish but what about you to the one who didn‚Äôt hurt you to begin with?

Man or woman, all of una wey dey support lies dey mad.",887,"1","2024-10-01T19:10:16.671156Z",900,18.732,"Offensive","2024-10-01T19:10:16.671341Z"
"18-4-2024",240,"Most Christians and Muslims behave like they don‚Äôt know the holy books talks to them more than any other ‚Äú sinner ‚Äú group üòÇ.

I mean, Nigeria has always been headed by either Christians or Muslims‚Ä¶ and see where it is‚Ä¶",886,"1","2024-10-01T19:09:47.510496Z",901,23.966,"Indeterminate","2024-10-01T19:09:47.510815Z"
"17-4-2024",241,"Sad to hear but life happens. There are officers who didn‚Äôt know my dad passed and found out later. There are people that are just acquaintances and not close buds. I don‚Äôt hassle anyone who doesn‚Äôt with me and that‚Äôs fine but i hear you.",885,"1","2024-10-01T19:09:10.454261Z",902,28.729,"Normal","2024-10-01T19:09:10.454427Z"
"11-4-2024",242,"Are you asking what the use of making sense is to a dummy is?",884,"1","2024-10-01T19:08:27.147489Z",903,15.401,"Offensive","2024-10-01T19:08:27.147662Z"
"11-4-2024",243,"Person wey get job wey still dey broke many times based on normal life dey tell musician say him style of music no dey dey sell.

Black life wey no too send black life dey say Black Lives Matter. 

Fuck the force men and their PTSD but they should act civil.

Ok now.",883,"1","2024-10-01T19:07:59.151079Z",904,16.421,"Offensive","2024-10-01T19:07:59.151235Z"
"9-4-2024",244,"These children say make i pass the Igbo wey i dey smoke for thinking about it o. Lol",882,"1","2024-10-01T19:07:31.103216Z",905,14.609,"Indeterminate","2024-10-01T19:07:31.103558Z"
"9-4-2024",245,"That‚Äôs why i laugh at the older generation saying the younger generations are ‚Äúrude‚Äù‚Ä¶ lol. 

Who raised them?  ü´µüèæ.",881,"1","2024-10-01T19:07:07.895352Z",906,2.088,"Indeterminate","2024-10-01T19:07:07.897384Z"
"4-4-2024",246,"You learn to leave the sins of the father to the father‚Ä¶ many are totally different from their parents although it may be true that some dangers that come with bad leadership doesn‚Äôt escape the immediate family of the bad leader.",880,"1","2024-10-01T19:06:38.909214Z",907,15.038,"Indeterminate","2024-10-01T19:06:38.909365Z"
"18-12-2024",247,"It just hit me what my guy was saying that deodorant self don too cost so‚Ä¶ 
today, one ‚Äú gba ‚Äú attack me and i no even see the person lol.",879,"1","2024-10-01T19:06:10.580018Z",908,39.435,"Indeterminate","2024-10-01T19:06:10.580204Z"
"15-2-2024",248,"When many of you are tired, you will go back to loving music personally; It‚Äôs the same way most of are choosing leaders‚Ä¶ it‚Äôs always by what ‚Äúthey‚Äù are saying as though your own say is useless.",878,"1","2024-10-01T19:05:18.818262Z",909,18.828,"Offensive","2024-10-01T19:05:18.818419Z"
"12-2-2024",249,"Na so one man return Naija jersey as game finish say e no buy again! Lmao! Goofs out there wondering how I‚Äôm wearing a jersey and calm‚Ä¶. Werey my love for Naija pass ball naw.",877,"1","2024-10-01T19:03:45.900652Z",910,296.255,"Offensive","2024-10-01T19:03:45.900817Z"
"12-2-2024",250,"Why many wait till we lose to talk say Eagles no play well? 
Una been dey fear before? Lol.

Alwada and co.",876,"1","2024-10-01T18:58:35.731780Z",911,25.25,"Indeterminate","2024-10-01T18:58:35.733157Z"
"11-2-2024",251,"Nelson Dey crase‚Ä¶ kudus dribble pass defense he dribble pass kudus immediately from defense‚Ä¶ lol.",875,"1","2024-10-01T18:57:57.356995Z",912,17.878,"Offensive","2024-10-01T18:57:57.357177Z"
"8-2-2024",252,"I don waaaaaaaaaaakeüò§üò§üò§üò§. Watched with a South African and she was hoping to laugh at us at the end she no know say na barrack boy she dey deal with; Yab wan wound am üòÇ.

Todays bants for her is Gbafana gbafana as in GbƒÖ fun ana, gbƒÖ fun ana‚Ä¶ e don happen e don happen.",874,"1","2024-10-01T18:57:28.629518Z",913,2.064,"Offensive","2024-10-01T18:57:28.629674Z"
"8-2-2024",253,"I don waaaaaaaaaaakeüò§üò§üò§üò§. Watched with a South African and she was hoping to laugh at us at the end she no know say na barrack boy she dey deal with; Yab wan wound am üòÇ.

Todays bants for her is Gbafana gbafana as in GbƒÖ fun ana, gbƒÖ fun ana‚Ä¶ e don happen e don happen.",873,"1","2024-10-01T18:57:03.643387Z",914,51.878,"Offensive","2024-10-01T18:57:03.643579Z"
"31-1-2024",254,"until they stop the fake hate, fake values, fake thinking, fake respect, fake love, fake topics in fake schools, fake life where, For most, constantly struggling with  ‚Äú modern ‚Äú lifestyle is ‚Äú living ‚Äú, fake unity and religion and fake Ego, it‚Äôs just another episode.",872,"1","2024-10-01T18:55:49.088174Z",915,87.975,"Indeterminate","2024-10-01T18:55:49.088335Z"
"22-1-2024",255,"Every body in their different settlements are needed to speak to the best for their immediate environment. 

When this becomes the case, the entire stance becomes everyone making sure their initial vicinity is good as in‚Ä¶ ‚Äú na from house we dey dress to public ‚Äú.",871,"1","2024-10-01T18:53:58.317408Z",916,20.945,"Normal","2024-10-01T18:53:58.317560Z"
"22-1-2024",256,"You are all too busy being better than each other ( kinda like rappers ). You do all these and act like you are better when you all agree that you are all uncomfortable in your ‚Äú comfort ‚Äú.",870,"1","2024-10-01T18:53:24.605705Z",917,52.268,"Indeterminate","2024-10-01T18:53:24.605862Z"
"19-1-2024",257,"About ibadan again, i have no intention of letting such become a norm. The least anyone can do is do their best where they can. Ibadan is dear to me and that‚Äôs enough to stand for it to remain its beautiful easy self.

Peace to everybody who deserves peace.",869,"1","2024-10-01T18:52:18.200105Z",918,13.002,"Normal","2024-10-01T18:52:18.200270Z"
"17-1-2024",258,"I don‚Äôt even find it sickening personally. It‚Äôs just embarrassing",868,"1","2024-10-01T18:51:36.133578Z",919,13.647,"Offensive","2024-10-01T18:51:36.133784Z"
"17-1-2024",259,"
Whatever it is going on in ibadan, all i know is, i am not willing to accept such as a norm; It will never be normal to me and i will stand against anything that intends to make it a norm. 
Nowhere should be under such pressure and Ibadan is definitely not the place to disturb if and only if this blast is not a simple mishap: we await appropriate investigation.",867,"1","2024-10-01T18:51:04.459487Z",920,18.65,"Normal","2024-10-01T18:51:04.459640Z"
"26-12-2023",260,"
There is a plague of stupid people creating a weak image of Nigerians because of forex. 

They leave a trail of foreign investors thinking it‚Äôs okay to deal with African acts however greed allows. It is literally the same story of how the slave masters deceived and made people sign agreements that had greedy terms hidden from simple comprehension",866,"1","2024-10-01T18:50:28.442606Z",921,8.542,"Offensive","2024-10-01T18:50:28.442785Z"
"26-12-2023",261,"Lol. I actually don‚Äôt mind Martinez getting cooked üòÇ. Either way e sweet.",865,"1","2024-10-01T18:50:07.665375Z",922,2.434,"Indeterminate","2024-10-01T18:50:07.665564Z"
"19-12-2023",262,"To the intelligent Nigerian, be careful not to be used to spread propaganda that distracts even you; it‚Äôs not worth it.",864,"1","2024-10-01T18:49:43.584595Z",923,11.047,"Normal","2024-10-01T18:49:43.584784Z"
"19-12-2023",263,"Them ask you why you dey pull out, you say you dey fear STD‚Äôs‚Ä¶werey! You are not supposed to go in in the first place You fool lmao",863,"1","2024-10-01T18:49:15.580237Z",924,8.179,"Offensive","2024-10-01T18:49:15.580464Z"
"19-12-2023",264,"Them ask you why you dey pull out, you say you dey fear STD‚Äôs‚Ä¶werey! You are not supposed to go in in the first place You fool lmao",862,"1","2024-10-01T18:48:53.752605Z",925,2.006,"Offensive","2024-10-01T18:48:53.752748Z"
"19-12-2023",265,"Them ask you why you dey pull out, you say you dey fear STD‚Äôs‚Ä¶werey! You are not supposed to go in in the first place You fool lmao",861,"1","2024-10-01T18:48:35.030783Z",926,11.48,"Offensive","2024-10-01T18:48:35.030933Z"
"8-12-2023",266,"Oyo state police command should provide proof of his welfare package and use that as a befitting argument against his misconduct.",860,"1","2024-10-01T18:48:15.778224Z",927,16.149,"Normal","2024-10-01T18:48:15.778458Z"
"26-12-2023",267,"
If then like make them be anything na for their headache against Arsenal",859,"1","2024-10-01T18:47:49.621968Z",928,19.921,"Offensive","2024-10-01T18:47:49.622156Z"
"25-10-2023",268,"You wey no dey pay attention for class?

Olodo.",858,"1","2024-10-01T18:47:13.420206Z",929,5.731,"Offensive","2024-10-01T18:47:13.420380Z"
"25-11-2023",269,"All you Chelsea fans trying to make sure kai fails are just irritating.

Move on from his dick‚Ä¶ 
aren‚Äôt your jaws tired? 
Setting a world record maybe? 
You made your point already now fuck off!",857,"1","2024-10-01T18:46:53.062263Z",930,8.98,"Offensive","2024-10-01T18:46:53.062481Z"
"9-11-2023",270,"Omo! When men dey tell me Wetin dey happen i just dey laugh. Like embarrassing talks. Embarrassing bro.",856,"1","2024-10-01T18:46:32.887353Z",931,17.06,"Offensive","2024-10-01T18:46:32.887515Z"
"8-11-2023",271,"Garri can‚Äôt talk about VAR decisions tomorrow now can he? Will he take a ball to demonstrate on the pitch again? Find out on the next episode of  werey Elenu Nla.",855,"1","2024-10-01T18:46:04.865017Z",932,41.896,"Offensive","2024-10-01T18:46:04.865218Z"
"4-11-2023",272,"No be your mama prayer go help you do that wan werey. Iwo l‚Äôo oni fo now.",834,"1","2024-10-01T18:31:26.340679Z",933,21.933,"Offensive","2024-10-01T18:31:26.340846Z"
"2-11-2023",273,"Bible fry decieve them say they wicked. Lmao. Na woman dey lead war? 

Make dem dey fore-play",833,"1","2024-10-01T18:30:45.924662Z",934,13.059,"Indeterminate","2024-10-01T18:30:45.924859Z"
"31-10-2023",274,"You wey dem dey pull in dey crase lol. Jokes apart, no one knows what turn life will take which is why you must always be on guard. Guide your thoughts diligently",832,"1","2024-10-01T18:30:23.402607Z",935,17.74,"Offensive","2024-10-01T18:30:23.402816Z"
"31-10-2023",275,"This is a lie. You are still guys, the other one no just get sense at the moment. You may distance however you deem fit but your guy na your guy.",831,"1","2024-10-01T18:29:57.666156Z",936,8.423,"Offensive","2024-10-01T18:29:57.666327Z"
"31-10-2023",276,"No mind dem. Igbo go dey him own, crack and co go begin drag am join Wetin e no do‚Ä¶ lol",830,"1","2024-10-01T18:29:39.644414Z",937,25.989,"Indeterminate","2024-10-01T18:29:39.644602Z"
"31-10-2023",277,"I just remember my guy wey go cut cable of brand new electric incense burner because he wan plug old fan wey no get plug. Fool come dey vex again say i dey check am... E know Wetin him eyes finally see that day.",829,"1","2024-10-01T18:29:02.046920Z",938,35.007,"Offensive","2024-10-01T18:29:02.048193Z"
"21-10-2023",278,"You‚Äôre a joker if you think i want to bant with you about the Match. Stop the desperation‚Ä¶ it‚Äôs should be embarrassing that you even thought it in the first place.",828,"1","2024-10-01T18:28:12.752529Z",939,14.739,"Offensive","2024-10-01T18:28:12.752678Z"
"19-10-2023",279,"Ofo de ni olofo man se normally hence the status quo‚Ä¶",827,"1","2024-10-01T18:27:49.369427Z",940,17.295,"Offensive","2024-10-01T18:27:49.369643Z"
"19-10-2023",280,"On fucking dun",826,"1","2024-10-01T18:27:22.344723Z",941,6.126,"Indeterminate","2024-10-01T18:27:22.344886Z"
"14-10-2023",281,"trust Nigerians to see when it‚Äôs time; The world will hate why they showed Nigerians that no one is perfect.

Nigerians will not pass on the opportunity to remind you how ugly your own house is if need be‚Ä¶ they should‚Äôve been excluded from colonialism; these people are madüòÇ",825,"1","2024-10-01T18:25:26.293237Z",942,36.104,"Offensive","2024-10-01T18:25:26.293367Z"
"6-10-2023",282,"All of u a wey dey talk anyhow about Thomas Partey get mind sha! 

No be una fault",824,"1","2024-10-01T18:24:43.515504Z",943,11.23,"Indeterminate","2024-10-01T18:24:43.515661Z"
"30-9-2023",283,"Sebi you dey wear glasses? You no Dey see road wey lead to your front?",823,"1","2024-10-01T18:24:23.417347Z",944,9.732,"Offensive","2024-10-01T18:24:23.417521Z"
"14-9-2023",284,"To think they now become slaves to the whip mentality when in truth, time and age catches up with the whipper and the whip. Whipper will get old and too tired to whip and whip will become lonely and die as such.",822,"1","2024-10-01T18:24:05.258425Z",945,21.342,"Indeterminate","2024-10-01T18:24:05.259572Z"
"9-9-2023",285,"The nerve of some Of you‚Ä¶ 

if the head Of Your family sits in meetings I have sat in with the people i have sat with, the head of your house will become a side chic but we aren‚Äôt having that conversation.",821,"1","2024-10-01T18:23:36.602371Z",946,1.988,"Offensive","2024-10-01T18:23:36.602566Z"
"27-7-2023",286,"The education system that so many are PROUD about is actually harming their intellectual discourse but hey, let the clowns earn their wage",820,"1","2024-10-01T18:23:14.324025Z",947,10.467,"Offensive","2024-10-01T18:23:14.324189Z"
"26-7-2023",287,"Una dey talk like say no be the same Nigerians dey reference past regimes as economically better if you are looking at how the dollar has further made your currency a bigger bitch in valuation.

Abi no be animals wey lack discipline many people de behave like? 
The same citizens",819,"1","2024-10-01T18:22:55.070913Z",948,23.494,"Offensive","2024-10-01T18:22:55.071171Z"
"26-7-2023",288,"I have called out more darkness than you can ever sleep through from your birth till you are old and gone.

As for being afraid, you don‚Äôt know what you are saying.",818,"1","2024-10-01T18:22:23.893478Z",949,10.348,"Offensive","2024-10-01T18:22:23.893635Z"
"16-7-2023",289,"Una no get boys for area? Dey there dey speak English.",817,"1","2024-10-01T18:22:04.934247Z",950,9.599,"Offensive","2024-10-01T18:22:04.934456Z"
"16-7-2023",290,"Na oyibo sense oyibo get. If African no show am, e no fit know african sense.",816,"1","2024-10-01T18:21:43.005512Z",951,14.152,"Normal","2024-10-01T18:21:43.005648Z"
"16-7-2023",291,"Quite silly of them but na usual privilege wey dem don dey claim since; come to Africa (Nigeria) and talk like they know exactly what the reality is. 

Make we no talk of the fact say na them self cause many of the rubbish wey dey sup as them dey claim to introduce ‚Äúadvancements‚Äù",815,"1","2024-10-01T18:21:22.934931Z",952,19.18,"Offensive","2024-10-01T18:21:22.935123Z"
"16-7-2023",292,"A lot of men are unstable and fucking stupid no worry yourself.",814,"1","2024-10-01T18:20:56.755835Z",953,1.851,"Offensive","2024-10-01T18:20:56.756019Z"
"6-7-2023",293,"Silence is broken at time so the stupid can know they are‚Ä¶ maybe that way they will repent because the more stupid people we have, them more stupid the society.",813,"1","2024-10-01T18:20:45.678082Z",954,13.189,"Offensive","2024-10-01T18:20:45.678260Z"
"6-7-2023",294,"Person wey no get monkey post team dey call Arsenal small club‚Ä¶

Even if you be O.G. 
The meaning of your own O.G 
na Own Goal.

Ode go say na bant üòÇ.",812,"1","2024-10-01T18:20:24.071874Z",955,11.914,"Offensive","2024-10-01T18:20:24.072097Z"
"13-4-2023",295,"You are personally offended that someone else is personally offended.

‚Äú you must be stupid if you think you have a case‚Äù",811,"1","2024-10-01T18:20:04.007628Z",956,26.282,"Offensive","2024-10-01T18:20:04.007784Z"
"11-4-2023",296,"How I go vex for you, see as you fine like fresh thief üòÇ",810,"1","2024-10-01T18:19:26.751362Z",957,2.081,"Offensive","2024-10-01T18:19:26.751819Z"
"11-4-2023",297,"The breeze wey dey blow these days dey carry fowl and fowl yansh go totally; e go even carry fowl guys if them dey üòÇ.",809,"1","2024-10-01T18:19:14.843852Z",958,11.779,"Offensive","2024-10-01T18:19:14.844055Z"
"9-4-2023",298,"Leeds dey craze with that free kick just now üòÇ",808,"1","2024-10-01T18:18:56.167445Z",959,2.338,"Offensive","2024-10-01T18:18:56.167599Z"
"9-4-2023",299,"If only them know Wetin rage be for barrack when fight sup üòÇ.
Children are not left out of the madness either.",807,"1","2024-10-01T18:18:46.221873Z",960,297.105,"Indeterminate","2024-10-01T18:18:46.222746Z"
"27-2-2023",300,"Yoruba ro inu and NOT owo. 

Una dey say make Yoruba think but una Dey think about money. 

Na so.",806,"1","2024-10-01T18:13:40.547844Z",961,16.746,"Offensive","2024-10-01T18:13:40.548040Z"
"19-1-2023",301,"it started to make sense that everything hardship in Nigeria is intentional. Think about it, how will you remember a stealing politician and what they stole when your entire life is from one unnecessary difficulty to another? Even if you get car, you shock absorber must collect.",805,"1","2024-10-01T18:13:15.888492Z",962,36.661,"Offensive","2024-10-01T18:13:15.888695Z"
"16-1-2023",302,"The nerve of these fools who are struggling",804,"1","2024-10-01T18:12:28.884512Z",963,1.832,"Offensive","2024-10-01T18:12:28.884672Z"
"8-1-2023",303,"Oya sorry, you are not daft, you just type like you are. I‚Äôm sure there are other realities where you are a good person too.",803,"1","2024-10-01T18:12:21.176454Z",964,1.829,"Offensive","2024-10-01T18:12:21.176631Z"
"5-1-2023",304,"There you go again talking like you are immune to ‚Äú hypocrisy ‚Äú which is hypocritical in itself. 
You also just generalized a personal response action with conviction in your statement. You must have known personally thoughü§∑üèæ‚Äç‚ôÇÔ∏è",802,"1","2024-10-01T18:12:10.691110Z",965,1.81,"Indeterminate","2024-10-01T18:12:10.691267Z"
"5-1-2023",305,"There you go again talking like you are immune to ‚Äú hypocrisy ‚Äú which is hypocritical in itself. 
You also just generalized a personal response action with conviction in your statement. You must have known personally thoughü§∑üèæ‚Äç‚ôÇÔ∏è",801,"1","2024-10-01T18:12:01.556202Z",966,8.662,"Indeterminate","2024-10-01T18:12:01.556342Z"
"24-12-2022",306,"Eyin ti ori gbogbo idile yin ti daru ju ori ile ede wa.",800,"1","2024-10-01T18:11:45.819369Z",967,3.107,"Offensive","2024-10-01T18:11:45.819507Z"
"24-12-2022",307,"Those of you vexing Dey try o.
It‚Äôs been about 13 years of vector and I can only imagine how hurt you must feel that nothing stops me.

To think I‚Äôm one out of the few who never took sides with those destroying your lives in governance.

May you find peace before you die.",799,"1","2024-10-01T18:11:26.032473Z",968,16.657,"Offensive","2024-10-01T18:11:26.032650Z"
"24-12-2022",308,"Funny how none of these boys can bruise me",798,"1","2024-10-01T18:11:01.003312Z",969,11.656,"Indeterminate","2024-10-01T18:11:01.003476Z"
"21-12-2022",309,"No worry smelling bad go cost you",797,"1","2024-10-01T18:10:41.810869Z",970,8.81,"Offensive","2024-10-01T18:10:41.811022Z"
"19-11-2022",310,"Many of una still get mind come online dey talk Wetin una know say go back fire.
 Una say ‚ÄúNigeria no fit good again‚Äù but if Naija na the people and you be part of Naija, then e mean say you self no fit good again so na YOU be the problem.
Many of una na thief self.",796,"1","2024-10-01T18:10:23.651331Z",971,7.719,"Offensive","2024-10-01T18:10:23.651481Z"
"20-9-2022",311,"Pls go and vote and stop asking question Rada rada ü§®",795,"1","2024-10-01T18:10:09.095882Z",972,9.066,"Offensive","2024-10-01T18:10:09.096089Z"
"16-9-2022",312,"Imagine sag ninja change am for biggie say him self no fit find clueüòÇ",794,"1","2024-10-01T18:09:49.124220Z",973,16.131,"Normal","2024-10-01T18:09:49.124398Z"
"6-9-2022",313,"Some of you actually act like you believe your political choice is not influenced by bribe. You actually sound silly  a lot of times. Having a mind of your own is a myth to you‚Ä¶ we may fault your upbringing but you too can stop being stupid.",793,"1","2024-10-01T18:09:22.900159Z",974,3.28,"Offensive","2024-10-01T18:09:22.900342Z"
"6-9-2022",314,"Many don‚Äôt like how honest I can be and that shows that many don‚Äôt like being honest so why should such people matter in consideration? By the way, the Corrupt leader does nit bribe himself now does he? Welcome to your self created and prolonged hell‚Ä¶ There‚Äôs a lava pool tooüòà.",792,"1","2024-10-01T18:08:52.290142Z",975,21.089,"Offensive","2024-10-01T18:08:52.290323Z"
"20-8-2022",315,"Dem suppose call AJ team
Come collect with am. It‚Äôs was always and obvious thing when he fights. I‚Äôm so irritated with this fight.",791,"1","2024-10-01T18:08:16.257909Z",976,3.43,"Offensive","2024-10-01T18:08:16.258104Z"
"20-8-2022",316,"If Aj looses this fight, he should just kiss usyk and take a ring from him because I don‚Äôt understand why he‚Äôs acting like he‚Äôs playing with his wife",790,"1","2024-10-01T18:07:55.172155Z",977,12.906,"Offensive","2024-10-01T18:07:55.172326Z"
"4-8-2022",317,"
Them convict you for killing the lady seeking a job and you want to run away? Lol. You think say na only police dey find you?",789,"1","2024-10-01T18:07:31.127581Z",978,12.16,"Indeterminate","2024-10-01T18:07:31.127778Z"
"23-6-2022",318,"I have always said, there is no way you have to kill a human being and harvest his/her body parts just for money to fall from the unknown spirit world when money is simple paper and ink.

Now you know how crazy your reality is.",788,"1","2024-10-01T18:07:00.357460Z",979,37.685,"Indeterminate","2024-10-01T18:07:00.357604Z"
"23-6-2022",319,"I studied philosophy of law in Unilag. I know it‚Äôs spirit and letter arguments.
I can also spot various foundational fallacies in arguments like
‚Äúappeal to pity‚Äù, ‚Äúhasty generalization‚Äù & more‚Ä¶

That said, only the bar exams i engaged is by Royce da 5‚Äô9ü§∑üèæ‚Äç‚ôÇÔ∏è.

Sega wey dey mad.",787,"1","2024-10-01T18:06:14.980443Z",980,3.578,"Offensive","2024-10-01T18:06:14.980608Z"
"23-6-2022",320,"
I studied philosophy of law in Unilag. I know it‚Äôs spirit and letter arguments.
I can also spot various foundational fallacies in arguments like
‚Äúappeal to pity‚Äù, ‚Äúhasty generalization‚Äù & more‚Ä¶

That said, only the bar exams i engaged is by Royce da 5‚Äô9ü§∑üèæ‚Äç‚ôÇÔ∏è.

Sega wey dey mad.",786,"1","2024-10-01T18:06:04.605713Z",981,13.208,"Offensive","2024-10-01T18:06:04.605869Z"
"23-6-2022",321,"Comot the 7. Na one man e be. One mumu man. Mumu na wey deserve serious discipline",785,"1","2024-10-01T18:05:43.050462Z",982,2.467,"Offensive","2024-10-01T18:05:43.050614Z"
"16-6-2022",322,"God don punish all of una wey dem dey use to come disrupt and further destroy lives of people wey just dey try survive this bullshit called government of today in Nigeria. When you japa, carry your generation with you and friends so the consequences no go touch them.",784,"1","2024-10-01T18:05:28.765448Z",983,2.383,"Offensive","2024-10-01T18:05:28.765646Z"
"16-6-2022",323,"Not unless everyone in your circle is dumb, the ones wey get sense go see truth when them reason am by themselves.",783,"1","2024-10-01T18:05:18.339117Z",984,12.981,"Offensive","2024-10-01T18:05:18.339283Z"
